Full_Name,Email,Phone_Number,Whatsapp_Link
Sune,SkrivTil@sune.dk,4526731373,https://wa.me/4526731373
Mohammad brahim,fezoullah@gmail.com,5051255412,https://wa.me/5051255412
MD Sifat Hasan,sahalhasan247@gmail.com,1781539425,https://wa.me/1781539425
Abuabakir mansir,,7026230384,https://wa.me/7026230384
anthony Siabanis,antsiabanis@gmail.com,9053025400,https://wa.me/9053025400
dale,kahootit600@gmail.com,9053025400,https://wa.me/9053025400
Shawn Steven Skifton,surgstudent@yahoo.com,13345464820,https://wa.me/13345464820
ABDULBAK DEERL,baki_degerli81@hotmail.com,5396582981,https://wa.me/5396582981
l49v1x@mailto.plus,,59700737481, 
Hamza Arif,hamza.arif24250@gmail.com,9.72E+11, 
ISMAIL AYOUB ISMAIL,Ismailayoubismail@mail.com,910101419,https://wa.me/910101419
yhfee@chitthi.in,,21678182068,https://wa.me/21678182068
yaahab@any.pink,,34826589302,https://wa.me/34826589302
wbodh@merepost.com,,4.88E+11, 
Rahman Md Hafizur,invisible192099@gmail.com,8.62E+12, 
MahmutTekin,azizpalame@gmail.com,5326699381,https://wa.me/5326699381
EnverEfeErolu,envereroglu@xngmailp4a.com,5447415074,https://wa.me/5447415074
aJPXnEVyW,xahzacapub@outlook.com,6525574181,https://wa.me/6525574181
FatYgIHNdDT,xahzacapub@outlook.com,9269567753,https://wa.me/9269567753
MahmutTekin,mahmuttek93@gmail.com,9.05E+11, 
MahmutTekin,azizpalame@gmail.com,9.05E+11, 
Suleimanaminu,Support@support.comSupport,, 
S4PbM4Br,AU9hgeneric5212ae6emuhammad.com@databackupstore.com,, 
AhmedKhames,a.khames@icloud.com,2.01E+11, 
yFAUsogGrufq,xoznumexol@outlook.com,9203946826,https://wa.me/9203946826
kEqOuVwXPHBQmYt,xoznumexol@outlook.com,2709260137,https://wa.me/2709260137
joe,allahakbar78776@gmail.com,, 
MahmutTekin,mahmuttek93@gmail.com,5326699381,https://wa.me/5326699381
MUHAMMADSALISU,HAMMADUKAFIBYPASS,, 
sam_ali,pyaialan@chicago.ch,384756548,https://wa.me/384756548
eCk5xP8L,Evo4generic5212ae6emuhammad.com@databackupstore.com,, 
tjbZcujN,0ke8generic5212ae6emuhammad.com@databackupstore.com,, 
Khadija_Suleiman_,sulaimankhadija7707@gmail.com,8143330491,https://wa.me/8143330491
London_Springer,londonspringer@rrcastudents.com,3129381726,https://wa.me/3129381726
Muhammad_Sagiru_Abdullahi,muhammadsagiruabdullahi99@gmail.com,7030440022,https://wa.me/7030440022
Hafizh_Fadhullah,hafizh.fadhullah2@gmail.com,6.28E+12, 
Waleed,,7046363606,https://wa.me/7046363606
sune_nigger_sherfig,SkrivTil@sune.dk,4526731373,https://wa.me/4526731373
Elvira_Mitchell,NataliaRowe60@hotmail.com,14114734313,https://wa.me/14114734313
Allah_,yasu.he.aecha.hoshaku.hoshonin@gmail.com,7043106316,https://wa.me/7043106316
DUtvQlbjkf,nanettefrancoisaky@aol.com,8478626973,https://wa.me/8478626973
oyvljeSbB,nanettefrancoisaky@aol.com,4173669445,https://wa.me/4173669445
Ferhi_Hichem_,hichemf146@gmail.com,766516768,https://wa.me/766516768
IYcdnzBFbf,gitsinesuk@outlook.com,7127791168,https://wa.me/7127791168
yTkGxhNZlb,gitsinesuk@outlook.com,7818968361,https://wa.me/7818968361
Syed_Umar,omarsd03@gmail.com,126003240,https://wa.me/126003240
daniel_,24collisd@montgomery.fcat.org.uk,737756754,https://wa.me/737756754
Edward_Allbutt,24allbute@montgomery.fcat.org.uk,7305924339,https://wa.me/7305924339
ben_sims,24simsb@mongomery.fcat.org.uk,7368582339,https://wa.me/7368582339
Zahid_Kareem,zahidkareem797@gmail.com,923076E+11, 
___gigggity,bralondp27@g.eips.ca,43780445E+11, 
PfoJrLnTem,quvboxopus@outlook.com,6519032535,https://wa.me/6519032535
iVWfwGlqLOU,quvboxopus@outlook.com,3662473881,https://wa.me/3662473881
salak_adam,yusufgamer3131@gmail.com,15412342334,https://wa.me/15412342334
Md_Munna,MDMUNNA19434@gMAIL.COM,917050498963,https://wa.me/917050498963
tuna_cikili,jesusistheredeemeroftheworld@gmail.com,9982107354781,https://wa.me/9982107354781
GMSujon,gmsujon@gmail.com,1921515021,https://wa.me/1921515021
ethan_thomas_ludgate,24ludgatee@montgomery.fcat.org.uk,4407553793091,https://wa.me/4407553793091
Abduulhamiid,esek@amhad.com,3893896755465465,https://wa.me/3893896755465465
Muhammad_,olaw92565@gmail.com,2340916913,https://wa.me/2340916913
Mahmut_Tekin,mahmuttek93@gmail.com,105326699381,https://wa.me/105326699381
Muhammad,Bekmatovmuhammab@14,179302107340,https://wa.me/179302107340
Bahir_Hasan_Abdhul_Hakeem,gomamo9206@ipniel.com,863131313131,https://wa.me/863131313131
WRMcOGzmPjeh,clowes.galvan@yahoo.com,9989857741800,https://wa.me/9989857741800
CFlDrLRhOpVT,clowes.galvan@yahoo.com,9982160820977,https://wa.me/9982160820977
nigger,niggerallah@gmail.com,90531313131313131,https://wa.me/90531313131313131
rImpiO2W,Orqggeneric5212ae6emuhammad.com@databackupstore.com,+1, 
Sergio,leyonjayawardana@gmail.com,393277129851,https://wa.me/393277129851
Rayan_Ait_Kaci,aitkacirr@gmail.com,911, 
anis,andromosdz@gmail.com,213561E+11,https://wa.me/213561E+11
anis,ANDROMOSDZ@GMAIL.COM,2.13561E+11, 
MD ABU SAEED CHOWDHURY,MDABUSAEEDCHOWDHURY@GMAIL.COM,, 
Azher Qureshi,Saqi15@hotmail.com,9.23E+11, 
kapilthegreat@gmailiz.com,, 
Cian Shaw,ciancups0406@gmail.com,4, 
Abduselam,mzabse@gmail.com,2.52E+11, 
arabi,pevoma2192@3dinews.com,, 
el arabi,pevoma2192@3dinews.com,43, 
Muhammed,muhammedincekara01@gmail.com,4.92E+11, 
Asiya ,ebaadshah9@gmail.cim,9.23E+11, 
x01mp3rx0z@mailto.plus,3.78E+11, 
AllahSlayer123,MyGodAllah@yahoot.com,911, 
Frat Yayla,kaankahra9@gmail.com,9.06E+11, 
uxoky@mailto.plus,3.12E+11, 
Aamir Kamal,777aamirkamal@gmail.com,9.23E+11, 
Abutalibana Mikail,islamqurdisdane69@gmail.com,9.06E+11, 
Ghaith Alahmad,alahmad.gh@gmail.com,9.63E+11, 
Joseph Evers,jevers@pps.net,97203, 
GMSujon,gmsujon@gmail.com,8.80E+12, 
badruosban779@gmail.com,897964654646, 
Shaqir_Hussyin,shaqirhussyin@gmail.com,07411149858, 
Alexander,alexander.44k@gmail.com,0468941508, 
Boris_Falikurac,aljosafus123@gmail.com,0038763412739, 
erdal_emir_muslu,erdalemirm@gmail.com,5511683980, 
deha_TUZCU,dehatuzcu@hotmail.com,3366450900, 
Hseyin_Salih_zkan,dlrsslh@icloud.com,90_546_202_67_31, 
Jorge,svUFrx.qqbpjth@tonetics.biz,1, 
Mohamed_Meera_Fazil_Mohamed_Meeran_Fazil,mohamedmeerafazil105@gmail.com,09902060587, 
Josep_Antoni,jcerda@biada.net,603588741, 
